,index,GameID,gametime,name,Minutes,Start,active,DKP,Team,Opp,home,team_pts,opp_pts,dk_sal,dk_pos,dk_change,Stats,DoubleD,min_7d_avg,min_90d_avg,dk_avg_90_days,opppts_avg,dk_per_min,DKP_trans,dk_sal_increase,dk_sal_decrease,dk_std_90_days,dk_max_30_days
202,2016-03-21 00:00:00,20160321-was-atl,20.0,Tim Hardaway Jr.,,,,,atl,was,H,,,3800.0,2.0,300.0,,,20.37222222222223,16.75952380952382,11.335714285714285,102.98034934497817,0.6763744850120751,,True,False,8.867062079176304,38.75
2557,2016-03-21 00:00:00,20160321-was-atl,20.0,Kent Bazemore,,,,,atl,was,H,,,4800.0,3.0,-200.0,,,21.70833333333335,27.829914529914532,24.166666666666668,102.98034934497817,0.8683701360523325,,False,True,8.845964983608521,31.75
3847,2016-03-21 00:00:00,20160321-was-atl,20.0,Thabo Sefolosha,,,,,atl,was,H,,,3600.0,3.0,200.0,,,24.961111111111098,23.150438596491234,17.039473684210527,102.98034934497817,0.7360324346854099,,True,False,8.405782741618344,33.75
3917,2016-03-21 00:00:00,20160321-was-atl,20.0,Terran Petteway,,,,,atl,was,H,,,,,,,,,,,102.98034934497817,,,False,False,,
7644,2016-03-21 00:00:00,20160321-was-atl,20.0,Kris Humphries,,,,,atl,was,H,,,3200.0,4.0,0.0,,,14.155555555555566,15.425000000000006,15.7375,102.98034934497817,1.0202593192868716,,False,False,9.292921400608892,28.0
9809,2016-03-21 00:00:00,20160321-was-atl,20.0,Tiago Splitter,,,,,atl,was,H,,,3000.0,5.0,0.0,,,,15.601111111111111,12.066666666666666,102.98034934497817,0.7734491845310163,,False,False,5.020019445987758,
12683,2016-03-21 00:00:00,20160321-was-atl,20.0,Al Horford,,,,,atl,was,H,,,6600.0,5.0,100.0,,,32.1611111111111,32.70625,34.83125,102.98034934497817,1.0649722912287407,,True,False,12.256916872441812,69.5
13745,2016-03-21 00:00:00,20160321-was-atl,20.0,Dennis Schroder,,,,,atl,was,H,,,4000.0,1.0,0.0,,,20.838888888888864,19.568421052631578,23.217105263157894,102.98034934497817,1.1864577729962344,,False,False,10.21279851735986,54.5
14836,2016-03-21 00:00:00,20160321-was-atl,20.0,DeQuan Jones,,,,,atl,was,H,,,,,,,,,,,102.98034934497817,,,False,False,,
16753,2016-03-21 00:00:00,20160321-was-atl,20.0,Lamar Patterson,,,,,atl,was,H,,,3000.0,2.0,0.0,,,,7.743939393939394,4.2727272727272725,102.98034934497817,0.551751125024457,,False,False,4.716267784825392,
19617,2016-03-21 00:00:00,20160321-was-atl,20.0,Kyle Korver,,,,,atl,was,H,,,4100.0,2.0,0.0,,,30.416666666666668,29.094166666666666,18.6875,102.98034934497817,0.6423108870621259,,False,False,7.8556181920640205,33.5
20661,2016-03-21 00:00:00,20160321-was-atl,20.0,Edgar Sosa,,,,,atl,was,H,,,,,,,,,,,102.98034934497817,,,False,False,,
20801,2016-03-21 00:00:00,20160321-was-atl,20.0,Mike Scott,,,,,atl,was,H,,,3000.0,4.0,0.0,,,17.2722222222222,16.96923076923077,13.211538461538462,102.98034934497817,0.778558476881233,,False,False,7.140861491025301,18.5
22569,2016-03-21 00:00:00,20160321-was-atl,20.0,Kirk Hinrich,,,,,atl,was,H,,,3000.0,1.0,0.0,,,7.983333333333316,13.699999999999994,7.541666666666667,102.98034934497817,0.5504866180048664,,False,False,5.535786081147996,10.25
25611,2016-03-21 00:00:00,20160321-was-atl,20.0,Mike Muscala,,,,,atl,was,H,,,3000.0,5.0,0.0,,,1.95,7.636781609195409,6.603448275862069,102.98034934497817,0.864689945815773,,False,False,6.6539184351682525,20.0
26798,2016-03-21 00:00:00,20160321-was-atl,20.0,Earl Barron,,,,,atl,was,H,,,,,,,,,,,102.98034934497817,,,False,False,,
28060,2016-03-21 00:00:00,20160321-was-atl,20.0,Paul Millsap,,,,,atl,was,H,,,8200.0,4.0,100.0,,,32.24444444444447,31.996581196581193,39.294871794871796,102.98034934497817,1.2280959504220539,,True,False,11.186939017818686,56.75
30322,2016-03-21 00:00:00,20160321-was-atl,20.0,Jeff Teague,,,,,atl,was,H,,,5900.0,1.0,-300.0,,,26.483333333333302,27.404999999999994,29.7625,102.98034934497817,1.0860244480934138,,False,True,9.736915941471514,42.5
30917,2016-03-21 00:00:00,20160321-was-atl,20.0,Walter Tavares,,,,,atl,was,H,,,3000.0,5.0,0.0,,,,8.157142857142862,8.535714285714286,102.98034934497817,1.0464098073555161,,False,False,5.911550437188925,4.75
1369,2016-03-21 00:00:00,20160321-orl-bos,19.5,Corey Walden,,,,,bos,orl,H,,,,,,,,,,,106.48275862068965,,,False,False,,
3918,2016-03-21 00:00:00,20160321-orl-bos,19.5,Coty Clarke,,,,,bos,orl,H,,,3000.0,3.0,0.0,,,1.9333333333333342,1.9333333333333342,2.5833333333333335,106.48275862068965,1.3362068965517235,,False,False,2.7424137786507226,4.75
4066,2016-03-21 00:00:00,20160321-orl-bos,19.5,Avery Bradley,,,,,bos,orl,H,,,5000.0,2.0,0.0,,,34.22916666666667,34.7991452991453,25.185897435897434,106.48275862068965,0.7237504605182364,,False,False,8.641378032755725,41.25
4855,2016-03-21 00:00:00,20160321-orl-bos,19.5,Jared Sullinger,,,,,bos,orl,H,,,5500.0,5.0,100.0,,,25.604166666666675,23.413888888888888,27.797619047619047,106.48275862068965,1.1872277680795893,,True,False,11.717617299110296,59.0
5423,2016-03-21 00:00:00,20160321-orl-bos,19.5,Jonas Jerebko,,,,,bos,orl,H,,,3200.0,4.0,0.0,,,26.283333333333303,15.797368421052633,12.651315789473685,106.48275862068965,0.8008495752123937,,False,False,6.691700051052608,24.25
6310,2016-03-21 00:00:00,20160321-orl-bos,19.5,Jordan Mickey,,,,,bos,orl,H,,,3000.0,4.0,0.0,,,5.8833333333333355,3.701515151515151,3.5454545454545454,106.48275862068965,0.9578387228817029,,False,False,3.841904120709843,10.25
11483,2016-03-21 00:00:00,20160321-orl-bos,19.5,Tyler Zeller,,,,,bos,orl,H,,,3200.0,5.0,0.0,,,13.325,13.699019607843141,12.647058823529411,106.48275862068965,0.9232090460173188,,False,False,8.307334666977262,23.75
12958,2016-03-21 00:00:00,20160321-orl-bos,19.5,Marcus Smart,,,,,bos,orl,H,,,4300.0,1.0,0.0,,,26.404166666666647,26.615000000000002,22.8875,106.48275862068965,0.8599473980837873,,False,False,10.045401741784456,39.5
13884,2016-03-21 00:00:00,20160321-orl-bos,19.5,Evan Turner,,,,,bos,orl,H,,,5500.0,2.0,0.0,,,28.39166666666665,28.02261904761905,25.654761904761905,106.48275862068965,0.9155019329623179,,False,False,9.5217902185628,37.25
14094,2016-03-21 00:00:00,20160321-orl-bos,19.5,Malcolm Miller,,,,,bos,orl,H,,,,,,,,,,,106.48275862068965,,,False,False,,
15611,2016-03-21 00:00:00,20160321-orl-bos,19.5,Perry Jones III,,,,,bos,orl,H,,,,,,,,,,,106.48275862068965,,,False,False,,
18312,2016-03-21 00:00:00,20160321-orl-bos,19.5,Amir Johnson,,,,,bos,orl,H,,,4000.0,4.0,100.0,,,24.275000000000002,21.67291666666667,20.13125,106.48275862068965,0.9288666730750744,,True,False,11.361482881615004,36.5
20448,2016-03-21 00:00:00,20160321-orl-bos,19.5,Terry Rozier,,,,,bos,orl,H,,,3000.0,1.0,0.0,,,12.483333333333348,6.537179487179495,6.75,106.48275862068965,1.0325554030201989,,False,False,6.089608635481704,18.75
24573,2016-03-21 00:00:00,20160321-orl-bos,19.5,Kelly Olynyk,,,,,bos,orl,H,,,4000.0,5.0,0.0,,,23.866666666666664,21.71944444444444,20.958333333333332,106.48275862068965,0.9649571556465022,,False,False,9.50069946003372,14.0
27493,2016-03-21 00:00:00,20160321-orl-bos,19.5,James Young,,,,,bos,orl,H,,,3000.0,2.0,0.0,,,12.46666666666665,5.5811111111111105,2.3,106.48275862068965,0.41210432012741394,,False,False,2.5620862035235494,6.5
27718,2016-03-21 00:00:00,20160321-orl-bos,19.5,Jae Crowder,,,,,bos,orl,H,,,5500.0,3.0,0.0,,,,32.22149122807017,29.605263157894736,106.48275862068965,0.9188048730688084,,False,False,8.304311721757527,48.25
28778,2016-03-21 00:00:00,20160321-orl-bos,19.5,Isaiah Thomas,,,,,bos,orl,H,,,7600.0,1.0,100.0,,,32.59583333333335,32.594841269841275,38.05357142857143,106.48275862068965,1.167472211738638,,True,False,9.367421443213367,52.75
29339,2016-03-21 00:00:00,20160321-orl-bos,19.5,R.J. Hunter,,,,,bos,orl,H,,,3000.0,2.0,0.0,,,12.25,6.8702380952380935,3.9464285714285716,106.48275862068965,0.5744238433547048,,False,False,4.670054532942773,9.5
30181,2016-03-21 00:00:00,20160321-orl-bos,19.5,Levi Randolph,,,,,bos,orl,H,,,,,,,,,,,106.48275862068965,,,False,False,,
1385,2016-03-21 00:00:00,20160321-sas-cha,19.0,Tyler Hansbrough,,,,,cha,sas,H,,,3000.0,4.0,0.0,,,6.56666666666667,9.479166666666659,6.614583333333333,94.54460093896714,0.6978021978021983,,False,False,7.472041790199834,8.0
1831,2016-03-21 00:00:00,20160321-sas-cha,19.0,Nicolas Batum,,,,,cha,sas,H,,,7000.0,2.0,-400.0,,,39.12916666666668,37.200490196078434,34.48529411764706,94.54460093896714,0.9270118198948464,,False,True,11.685094943998848,52.0
2556,2016-03-21 00:00:00,20160321-sas-cha,19.0,Damien Wilkins,,,,,cha,sas,H,,,,,,,,,,,94.54460093896714,,,False,False,,
2696,2016-03-21 00:00:00,20160321-sas-cha,19.0,Jason Washburn,,,,,cha,sas,H,,,,,,,,,,,94.54460093896714,,,False,False,,
3357,2016-03-21 00:00:00,20160321-sas-cha,19.0,Jeremy Lamb,,,,,cha,sas,H,,,3000.0,2.0,0.0,,,,16.653448275862072,15.301724137931034,94.54460093896714,0.9188321772440209,,False,False,9.78436692928554,23.5
6221,2016-03-21 00:00:00,20160321-sas-cha,19.0,Jorge Gutierrez,,,,,cha,sas,H,,,3000.0,1.0,0.0,,,,3.8066666666666675,3.9,94.54460093896714,1.0245183887915934,,False,False,3.4577810804040214,9.0
8957,2016-03-21 00:00:00,20160321-sas-cha,19.0,Aaron Harrison,,,,,cha,sas,H,,,3000.0,1.0,0.0,,,,3.9615384615384617,1.5,94.54460093896714,0.3786407766990291,,False,False,1.334634781503914,4.75
15819,2016-03-21 00:00:00,20160321-sas-cha,19.0,Cody Zeller,,,,,cha,sas,H,,,3800.0,5.0,-100.0,,,24.820833333333326,26.330092592592596,22.680555555555557,94.54460093896714,0.8613929281029662,,False,True,8.461385210622415,33.0
18037,2016-03-21 00:00:00,20160321-sas-cha,19.0,Spencer Hawes,,,,,cha,sas,H,,,3600.0,5.0,0.0,,,,21.224603174603175,18.214285714285715,94.54460093896714,0.8581684926896759,,False,False,8.806704021044748,
19757,2016-03-21 00:00:00,20160321-sas-cha,19.0,Frank Kaminsky,,,,,cha,sas,H,,,3200.0,5.0,-100.0,,,16.420833333333327,22.4531746031746,18.071428571428573,94.54460093896714,0.8048495988123434,,False,True,7.870383996405199,25.75
20170,2016-03-21 00:00:00,20160321-sas-cha,19.0,Jeremy Lin,,,,,cha,sas,H,,,3500.0,1.0,0.0,,,21.4875,26.505555555555556,21.08974358974359,94.54460093896714,0.7956725730777292,,False,False,10.086710769277067,29.5
20662,2016-03-21 00:00:00,20160321-sas-cha,19.0,Kemba Walker,,,,,cha,sas,H,,,8100.0,1.0,-600.0,,,39.22083333333332,37.206097560975614,41.94512195121951,94.54460093896714,1.1273722508112358,,False,True,13.408662334839972,60.75
20939,2016-03-21 00:00:00,20160321-sas-cha,19.0,Al Jefferson,,,,,cha,sas,H,,,4400.0,5.0,-400.0,,,21.475,21.374999999999996,21.52777777777778,94.54460093896714,1.0071474983755688,,False,True,7.917260039682145,38.0
23292,2016-03-21 00:00:00,20160321-sas-cha,19.0,Jason Maxiell,,,,,cha,sas,H,,,,,,,,,,,94.54460093896714,,,False,False,,
23988,2016-03-21 00:00:00,20160321-sas-cha,19.0,Sam Thompson,,,,,cha,sas,H,,,,,,,,,,,94.54460093896714,,,False,False,,
24644,2016-03-21 00:00:00,20160321-sas-cha,19.0,Courtney Lee,,,,,cha,sas,H,,,3600.0,2.0,0.0,,,31.04166666666668,29.35000000000001,17.885135135135137,94.54460093896714,0.6093742805838205,,False,False,6.619257100654467,29.0
27921,2016-03-21 00:00:00,20160321-sas-cha,19.0,Marvin Williams,,,,,cha,sas,H,,,5400.0,4.0,-400.0,,,31.66666666666668,28.27619047619048,26.714285714285715,94.54460093896714,0.9447625463118895,,False,True,10.027032278127969,53.25
28199,2016-03-21 00:00:00,20160321-sas-cha,19.0,Michael Kidd-Gilchrist,,,,,cha,sas,H,,,4000.0,3.0,0.0,,,,29.247619047619057,24.464285714285715,94.54460093896714,0.8364539238033212,,False,False,10.774611914345774,
30252,2016-03-21 00:00:00,20160321-sas-cha,19.0,Troy Daniels,,,,,cha,sas,H,,,3000.0,1.0,0.0,,,13.099999999999984,12.885416666666663,10.4375,94.54460093896714,0.8100242522231207,,False,False,9.154545675331962,13.75
758,2016-03-21 00:00:00,20160321-sac-chi,20.0,Cristiano Felicio,,,,,chi,sac,H,,,3100.0,5.0,-100.0,,,13.887500000000008,7.150925925925928,6.611111111111111,110.63744075829383,0.9245112003107597,,False,True,7.468670949481841,29.0
5146,2016-03-21 00:00:00,20160321-sac-chi,20.0,Mike Dunleavy,,,,,chi,sac,H,,,3500.0,3.0,-200.0,,,21.083333333333332,23.332407407407395,15.569444444444445,110.63744075829383,0.6672883844597012,,False,True,7.519976120286101,27.5
8405,2016-03-21 00:00:00,20160321-sac-chi,20.0,Taj Gibson,,,,,chi,sac,H,,,5300.0,4.0,200.0,,,25.137499999999985,29.376016260162594,24.573170731707318,110.63744075829383,0.8365045319310872,,True,False,8.297071000969073,41.0
9949,2016-03-21 00:00:00,20160321-sac-chi,20.0,Doug McDermott,,,,,chi,sac,H,,,4100.0,3.0,0.0,,,29.495833333333348,24.29308943089431,15.347560975609756,110.63744075829383,0.6317665367045397,,False,False,8.847117830256305,35.75
10157,2016-03-21 00:00:00,20160321-sac-chi,20.0,Jordan Crawford,,,,,chi,sac,H,,,,,,,,,,,110.63744075829383,,,False,False,,
10504,2016-03-21 00:00:00,20160321-sac-chi,20.0,Derrick Rose,,,,,chi,sac,H,,,5800.0,1.0,300.0,,,29.605555555555565,31.172916666666666,30.90625,110.63744075829383,0.9914455657287977,,True,False,8.76571170030724,40.75
11414,2016-03-21 00:00:00,20160321-sac-chi,20.0,Jimmy Butler,,,,,chi,sac,H,,,7700.0,2.0,0.0,,,31.837500000000002,37.1283950617284,40.925925925925924,110.63744075829383,1.1022810401010839,,False,False,12.71106703118291,48.25
13029,2016-03-21 00:00:00,20160321-sac-chi,20.0,Justin Holiday,,,,,chi,sac,H,,,3200.0,2.0,-200.0,,,18.758333333333326,13.742424242424239,8.931818181818182,110.63744075829383,0.6499448732083795,,False,True,8.383367113269236,28.0
16271,2016-03-21 00:00:00,20160321-sac-chi,20.0,Joakim Noah,,,,,chi,sac,H,,,5000.0,5.0,0.0,,,,19.475,19.5,110.63744075829383,1.0012836970474968,,False,False,15.167124535213214,
16479,2016-03-21 00:00:00,20160321-sac-chi,20.0,Aaron Brooks,,,,,chi,sac,H,,,3000.0,1.0,0.0,,,15.062500000000025,16.32938596491228,13.401315789473685,110.63744075829383,0.8206870618570546,,False,False,8.203192249775144,21.5
16685,2016-03-21 00:00:00,20160321-sac-chi,20.0,Bobby Portis,,,,,chi,sac,H,,,4500.0,4.0,100.0,,,23.745833333333348,18.722222222222218,17.077380952380953,110.63744075829383,0.9121449766850362,,True,False,9.940599201531162,36.5
20871,2016-03-21 00:00:00,20160321-sac-chi,20.0,Pau Gasol,,,,,chi,sac,H,,,7600.0,5.0,0.0,,,,33.30601851851852,44.3125,110.63744075829383,1.3304652423513712,,False,False,12.28142834294355,74.0
21449,2016-03-21 00:00:00,20160321-sac-chi,20.0,Marcus Simmons,,,,,chi,sac,H,,,,,,,,,,,110.63744075829383,,,False,False,,
24197,2016-03-21 00:00:00,20160321-sac-chi,20.0,E'Twaun Moore,,,,,chi,sac,H,,,4000.0,2.0,-300.0,,,17.755555555555556,24.666161616161617,18.068181818181817,110.63744075829383,0.7325088556276745,,False,True,11.238930791712754,38.0
24471,2016-03-21 00:00:00,20160321-sac-chi,20.0,Cameron Bairstow,,,,,chi,sac,H,,,3000.0,4.0,0.0,,,,6.010714285714287,5.214285714285714,110.63744075829383,0.867498514557338,,False,False,4.36865709745739,10.5
26868,2016-03-21 00:00:00,20160321-sac-chi,20.0,Tony Snell,,,,,chi,sac,H,,,3000.0,3.0,0.0,,,6.983333333333316,18.238888888888894,10.604166666666666,110.63744075829383,0.5814042034724336,,False,False,8.167088788896217,26.5
27077,2016-03-21 00:00:00,20160321-sac-chi,20.0,Nikola Mirotic,,,,,chi,sac,H,,,5200.0,4.0,100.0,,,27.25416666666665,24.80064102564102,23.48076923076923,110.63744075829383,0.9467807387112618,,True,False,11.65824237973355,32.0
27284,2016-03-21 00:00:00,20160321-sac-chi,20.0,Jake Anderson,,,,,chi,sac,H,,,,,,,,,,,110.63744075829383,,,False,False,,
27492,2016-03-21 00:00:00,20160321-sac-chi,20.0,Stefhon Hannah,,,,,chi,sac,H,,,,,,,,,,,110.63744075829383,,,False,False,,
126,2016-03-21 00:00:00,20160321-den-cle,19.0,Kyrie Irving,,,,,cle,den,H,,,7400.0,1.0,-200.0,,,34.82916666666668,31.255158730158726,32.49404761904762,105.45291479820628,1.039637901044907,,False,True,11.57353057828326,45.0
201,2016-03-21 00:00:00,20160321-den-cle,19.0,Quinn Cook,,,,,cle,den,H,,,,,,,,,,,105.45291479820628,,,False,False,,
1901,2016-03-21 00:00:00,20160321-den-cle,19.0,LeBron James,,,,,cle,den,H,,,9200.0,3.0,-100.0,,,33.08333333333329,35.24404761904761,46.06547619047619,105.45291479820628,1.3070427292687048,,False,True,9.141179195529697,59.75
2254,2016-03-21 00:00:00,20160321-den-cle,19.0,D.J. Stephens,,,,,cle,den,H,,,,,,,,,,,105.45291479820628,,,False,False,,
2942,2016-03-21 00:00:00,20160321-den-cle,19.0,Iman Shumpert,,,,,cle,den,H,,,3700.0,2.0,0.0,,,23.708333333333325,24.913008130081298,15.878048780487806,105.45291479820628,0.6373396860620697,,False,False,8.579248574179498,43.5
3011,2016-03-21 00:00:00,20160321-den-cle,19.0,Maurice Williams,,,,,cle,den,H,,,3000.0,1.0,0.0,,,,9.346666666666664,5.666666666666667,105.45291479820628,0.6062767475035665,,False,False,4.25699704128671,1.25
3925,2016-03-21 00:00:00,20160321-den-cle,19.0,Dionte Christmas,,,,,cle,den,H,,,,,,,,,,,105.45291479820628,,,False,False,,
4285,2016-03-21 00:00:00,20160321-den-cle,19.0,Nick Minnerath,,,,,cle,den,H,,,,,,,,,,,105.45291479820628,,,False,False,,
5563,2016-03-21 00:00:00,20160321-den-cle,19.0,Richard Jefferson,,,,,cle,den,H,,,3000.0,3.0,0.0,,,17.279166666666658,14.46666666666667,8.897435897435898,105.45291479820628,0.6150301311591633,,False,False,6.893627384441341,30.0
6584,2016-03-21 00:00:00,20160321-den-cle,19.0,Channing Frye,,,,,cle,den,H,,,3600.0,4.0,0.0,,,18.454166666666676,16.059313725490192,13.654411764705882,105.45291479820628,0.8502487714050245,,False,False,7.571381200273659,35.75
8056,2016-03-21 00:00:00,20160321-den-cle,19.0,Jack Cooley,,,,,cle,den,H,,,,,,,,,,,105.45291479820628,,,False,False,,
8127,2016-03-21 00:00:00,20160321-den-cle,19.0,James Jones,,,,,cle,den,H,,,3000.0,2.0,0.0,,,10.8,8.916666666666663,4.842105263157895,105.45291479820628,0.5430398425971473,,False,False,4.648185522864891,9.25
11196,2016-03-21 00:00:00,20160321-den-cle,19.0,Timofey Mozgov,,,,,cle,den,H,,,3000.0,5.0,0.0,,,13.594444444444434,16.0984126984127,13.380952380952381,105.45291479820628,0.8311970025635967,,False,False,6.803253816041408,25.5
14095,2016-03-21 00:00:00,20160321-den-cle,19.0,Kevin Love,,,,,cle,den,H,,,6700.0,4.0,-300.0,,,26.8125,31.13130081300812,33.26219512195122,105.45291479820628,1.0684486113106046,,False,True,10.88217453273819,52.5
17490,2016-03-21 00:00:00,20160321-den-cle,19.0,Austin Daye,,,,,cle,den,H,,,,,,,,,,,105.45291479820628,,,False,False,,
17758,2016-03-21 00:00:00,20160321-den-cle,19.0,Michael Dunigan,,,,,cle,den,H,,,,,,,,,,,105.45291479820628,,,False,False,,
18743,2016-03-21 00:00:00,20160321-den-cle,19.0,Chris Johnson,,,,,cle,den,H,,,,,,,,13.379166666666677,15.627519379844957,10.215116279069768,105.45291479820628,0.6536620451896131,,False,False,6.807204996700896,13.5
19341,2016-03-21 00:00:00,20160321-den-cle,19.0,Tristan Thompson,,,,,cle,den,H,,,4500.0,4.0,-100.0,,,25.729166666666675,28.816666666666674,22.863636363636363,105.45291479820628,0.7934171092065827,,False,True,10.66597155724889,43.75
20732,2016-03-21 00:00:00,20160321-den-cle,19.0,J.R. Smith,,,,,cle,den,H,,,4400.0,2.0,-200.0,,,28.008333333333326,30.18295454545455,22.102272727272727,105.45291479820628,0.7322766462106094,,False,True,9.110005708939665,32.25
23430,2016-03-21 00:00:00,20160321-den-cle,19.0,Sasha Kaun,,,,,cle,den,H,,,3000.0,5.0,0.0,,,2.6666666666666696,2.376388888888888,1.7708333333333333,105.45291479820628,0.7451782583284631,,False,False,2.394260023599371,7.75
28686,2016-03-21 00:00:00,20160321-den-cle,19.0,Jordan McRae,,,,,cle,den,H,,,3000.0,2.0,0.0,,,15.8,9.016666666666673,7.288461538461538,105.45291479820628,0.8083321484430536,,False,False,6.7668356048129406,9.75
29692,2016-03-21 00:00:00,20160321-den-cle,19.0,Matthew Dellavedova,,,,,cle,den,H,,,3300.0,1.0,0.0,,,22.85833333333335,23.75299145299145,16.878205128205128,105.45291479820628,0.710571767838509,,False,False,5.946823509366321,24.25
6926,2016-03-21 00:00:00,20160321-den-cle,19.0,Kostas Papanikolaou,,,,,den,cle,A,,,,,,,,,17.43125,10.75,99.11740041928721,0.6167084976694156,,False,False,8.611661528747765,
6959,2016-03-21 00:00:00,20160321-den-cle,19.0,JaKarr Sampson,,,,,den,cle,A,,,3000.0,3.0,0.0,,,16.920833333333334,15.63535353535354,9.295454545454545,99.11740041928721,0.5945151495574648,,False,False,5.513993046620735,16.75
7634,2016-03-21 00:00:00,20160321-den-cle,19.0,Axel Toupane,,,,,den,cle,A,,,3000.0,3.0,0.0,,,12.791666666666691,13.118518518518528,7.583333333333333,99.11740041928721,0.5780632411067189,,False,False,6.661456297237114,20.5
9235,2016-03-21 00:00:00,20160321-den-cle,19.0,Nikola Jokic,,,,,den,cle,A,,,6000.0,5.0,-200.0,,,24.991666666666674,22.42209302325582,27.936046511627907,99.11740041928721,1.2459160918944145,,False,True,12.779621638995437,49.25
10711,2016-03-21 00:00:00,20160321-den-cle,19.0,Wilson Chandler,,,,,den,cle,A,,,5000.0,3.0,0.0,,,,,,99.11740041928721,,,False,False,,
10984,2016-03-21 00:00:00,20160321-den-cle,19.0,Darrell Arthur,,,,,den,cle,A,,,4100.0,4.0,200.0,,,26.712500000000002,22.916228070175436,18.467105263157894,99.11740041928721,0.8058527435931789,,True,False,10.081789016459528,36.0
11831,2016-03-21 00:00:00,20160321-den-cle,19.0,Jameer Nelson,,,,,den,cle,A,,,3500.0,1.0,0.0,,,,29.441025641025647,22.365384615384617,99.11740041928721,0.7596673053475004,,False,False,10.138424939625002,
12043,2016-03-21 00:00:00,20160321-den-cle,19.0,Nick Johnson,,,,,den,cle,A,,,,,,,,,,,99.11740041928721,,,False,False,,
12186,2016-03-21 00:00:00,20160321-den-cle,19.0,Devin Sweetney,,,,,den,cle,A,,,,,,,,,,,99.11740041928721,,,False,False,,
13099,2016-03-21 00:00:00,20160321-den-cle,19.0,Emmanuel Mudiay,,,,,den,cle,A,,,5700.0,1.0,-100.0,,,29.445833333333347,31.146969696969695,28.03030303030303,99.11740041928721,0.8999367612005644,,False,True,8.787810622123294,48.0
13443,2016-03-21 00:00:00,20160321-den-cle,19.0,Matt Janning,,,,,den,cle,A,,,,,,,,,,,99.11740041928721,,,False,False,,
15186,2016-03-21 00:00:00,20160321-den-cle,19.0,D.J. Augustin,,,,,den,cle,A,,,4700.0,1.0,100.0,,,27.41666666666665,20.553787878787883,19.829545454545453,99.11740041928721,0.9647635546054326,,True,False,11.418548601486188,39.5
15612,2016-03-21 00:00:00,20160321-den-cle,19.0,Joffrey Lauvergne,,,,,den,cle,A,,,3300.0,5.0,0.0,,,19.629166666666674,17.38095238095238,14.657142857142857,99.11740041928721,0.8432876712328767,,False,False,8.95127449730207,27.0
19199,2016-03-21 00:00:00,20160321-den-cle,19.0,Jusuf Nurkic,,,,,den,cle,A,,,3500.0,5.0,100.0,,,21.924999999999997,14.195652173913041,16.73913043478261,99.11740041928721,1.179173047473201,,True,False,9.91712197668231,28.5
19271,2016-03-21 00:00:00,20160321-den-cle,19.0,Oleksiy Pecherov,,,,,den,cle,A,,,,,,,,,,,99.11740041928721,,,False,False,,
20099,2016-03-21 00:00:00,20160321-den-cle,19.0,Danilo Gallinari,,,,,den,cle,A,,,6400.0,3.0,0.0,,,,35.24166666666666,33.55769230769231,99.11740041928721,0.9522163813958566,,False,False,8.42119578572654,30.5
24851,2016-03-21 00:00:00,20160321-den-cle,19.0,Mike Miller,,,,,den,cle,A,,,3000.0,2.0,0.0,,,,7.418253968253967,3.3452380952380953,99.11740041928721,0.45094682785920626,,False,False,4.0500587885209995,8.5
26727,2016-03-21 00:00:00,20160321-den-cle,19.0,Will Barton,,,,,den,cle,A,,,5200.0,2.0,0.0,,,26.266666666666676,28.741085271317832,27.88372093023256,99.11740041928721,0.9701693818103355,,False,False,10.717607458502641,36.0
27421,2016-03-21 00:00:00,20160321-den-cle,19.0,Kenneth Faried,,,,,den,cle,A,,,5900.0,4.0,0.0,,,20.25,25.066228070175438,28.07894736842105,99.11740041928721,1.1201903728718658,,False,False,11.97465020410486,57.0
30109,2016-03-21 00:00:00,20160321-den-cle,19.0,Gary Harris,,,,,den,cle,A,,,5000.0,2.0,0.0,,,34.73333333333333,34.382558139534886,23.41860465116279,99.11740041928721,0.6811187392201291,,False,False,6.763153174650664,35.5
1455,2016-03-21 00:00:00,20160321-mil-det,19.5,Lorenzo Brown,,,,,det,mil,H,,,3000.0,1.0,0.0,,,,7.591666666666662,6.15625,103.17370892018779,0.8109220636663013,,False,False,5.019493251315316,
1623,2016-03-21 00:00:00,20160321-mil-det,19.5,Joel Anthony,,,,,det,mil,H,,,3000.0,4.0,0.0,,,4.63333333333333,3.4983333333333326,1.825,103.17370892018779,0.5216769890424012,,False,False,2.0984451916174085,1.5
4286,2016-03-21 00:00:00,20160321-mil-det,19.5,Justin Harper,,,,,det,mil,H,,,,,,,,,7.016666666666654,3.45,103.17370892018779,0.49168646080760187,,False,False,4.624662149822406,11.25
4785,2016-03-21 00:00:00,20160321-mil-det,19.5,Stanley Johnson,,,,,det,mil,H,,,4000.0,3.0,200.0,,,24.804166666666653,25.14285714285714,19.692857142857143,103.17370892018779,0.7832386363636366,,True,False,8.891107114093593,36.25
6239,2016-03-21 00:00:00,20160321-mil-det,19.5,Steve Blake,,,,,det,mil,H,,,3000.0,1.0,0.0,,,21.070833333333326,17.16287878787878,11.295454545454545,103.17370892018779,0.6581328625027592,,False,False,4.860945163112611,22.0
6718,2016-03-21 00:00:00,20160321-mil-det,19.5,Marcus Morris,,,,,det,mil,H,,,5100.0,3.0,0.0,,,30.579166666666676,34.71910569105691,24.432926829268293,103.17370892018779,0.7037314568722266,,False,False,7.741734380583732,37.25
7281,2016-03-21 00:00:00,20160321-mil-det,19.5,Spencer Dinwiddie,,,,,det,mil,H,,,3000.0,1.0,0.0,,,,,,103.17370892018779,,,False,False,,
7425,2016-03-21 00:00:00,20160321-mil-det,19.5,Tobias Harris,,,,,det,mil,H,,,6200.0,3.0,-200.0,,,29.024999999999977,33.72342342342342,28.0472972972973,103.17370892018779,0.8316859455560602,,False,True,7.349848316140291,42.25
8887,2016-03-21 00:00:00,20160321-mil-det,19.5,Andre Drummond,,,,,det,mil,H,,,7600.0,5.0,-400.0,,,29.6125,31.777777777777775,39.31547619047619,103.17370892018779,1.2372002997002998,,False,True,10.683652248995568,52.25
12187,2016-03-21 00:00:00,20160321-mil-det,19.5,Jordan Bachynski,,,,,det,mil,H,,,,,,,,,,,103.17370892018779,,,False,False,,
13815,2016-03-21 00:00:00,20160321-mil-det,19.5,Jodie Meeks,,,,,det,mil,H,,,3000.0,2.0,0.0,,,,,,103.17370892018779,,,False,False,,
13955,2016-03-21 00:00:00,20160321-mil-det,19.5,Eric Griffin,,,,,det,mil,H,,,,,,,,,,,103.17370892018779,,,False,False,,
15326,2016-03-21 00:00:00,20160321-mil-det,19.5,Reggie Jackson,,,,,det,mil,H,,,6300.0,1.0,-200.0,,,26.929166666666674,30.01300813008131,31.25609756097561,103.17370892018779,1.0414183551847436,,False,True,8.992616381801454,48.75
17100,2016-03-21 00:00:00,20160321-mil-det,19.5,Reggie Bullock,,,,,det,mil,H,,,3000.0,3.0,0.0,,,10.105555555555567,14.49901960784314,10.588235294117647,103.17370892018779,0.7302724998309553,,False,False,7.787681165865515,24.25
17168,2016-03-21 00:00:00,20160321-mil-det,19.5,Anthony Tolliver,,,,,det,mil,H,,,3100.0,4.0,100.0,,,16.89444444444443,18.22323232323232,12.803030303030303,103.17370892018779,0.7025663765866638,,True,False,7.793416085408441,27.0
23363,2016-03-21 00:00:00,20160321-mil-det,19.5,Darrun Hilliard,,,,,det,mil,H,,,3000.0,2.0,0.0,,,12.0,10.249999999999993,6.990384615384615,103.17370892018779,0.6819887429643532,,False,False,5.764321629311974,16.25
27351,2016-03-21 00:00:00,20160321-mil-det,19.5,Cartier Martin,,,,,det,mil,H,,,,,,,,,,,103.17370892018779,,,False,False,,
28849,2016-03-21 00:00:00,20160321-mil-det,19.5,Kentavious Caldwell-Pope,,,,,det,mil,H,,,5800.0,2.0,100.0,,,36.35,35.91140350877192,25.95394736842105,103.17370892018779,0.7227216102005425,,True,False,8.565103473436182,40.0
29058,2016-03-21 00:00:00,20160321-mil-det,19.5,Aron Baynes,,,,,det,mil,H,,,3100.0,5.0,100.0,,,17.220833333333324,15.767857142857146,16.261904761904763,103.17370892018779,1.0313325783314458,,True,False,7.808093124099566,33.25
30108,2016-03-21 00:00:00,20160321-mil-det,19.5,Adonis Thomas,,,,,det,mil,H,,,,,,,,,,,103.17370892018779,,,False,False,,
30180,2016-03-21 00:00:00,20160321-mil-det,19.5,Danny Granger,,,,,det,mil,H,,,,,,,,,,,103.17370892018779,,,False,False,,
6013,2016-03-21 00:00:00,20160321-gsw-min,20.0,Kevon Looney,,,,,gsw,min,A,,,3000.0,4.0,0.0,,,,4.12,4.3,107.6107226107226,1.0436893203883495,,False,False,4.644889664997437,1.5
7987,2016-03-21 00:00:00,20160321-gsw-min,20.0,Stephen Curry,,,,,gsw,min,A,,,10300.0,1.0,0.0,,,32.89166666666667,33.112393162393154,52.1474358974359,107.6107226107226,1.5748615825406866,,False,False,14.077992103755935,76.25
8336,2016-03-21 00:00:00,20160321-gsw-min,20.0,Andrew Bogut,,,,,gsw,min,A,,,4200.0,5.0,0.0,,,15.472222222222243,21.393750000000004,22.23125,107.6107226107226,1.039146947122407,,False,False,9.107510900772633,36.75
10088,2016-03-21 00:00:00,20160321-gsw-min,20.0,Draymond Green,,,,,gsw,min,A,,,7800.0,4.0,100.0,,,33.825000000000024,34.17926829268293,42.46341463414634,107.6107226107226,1.2423734256252899,,True,False,12.523423176144,60.5
11482,2016-03-21 00:00:00,20160321-gsw-min,20.0,Chris Babb,,,,,gsw,min,A,,,,,,,,,,,107.6107226107226,,,False,False,,
11695,2016-03-21 00:00:00,20160321-gsw-min,20.0,Anderson Varejao,,,,,gsw,min,A,,,3000.0,5.0,0.0,,,8.141666666666676,10.529710144927538,9.326086956521738,107.6107226107226,0.885692657077971,,False,False,6.260189322674773,17.25
13239,2016-03-21 00:00:00,20160321-gsw-min,20.0,Andre Iguodala,,,,,gsw,min,A,,,3800.0,3.0,0.0,,,,26.024242424242424,18.507575757575758,107.6107226107226,0.7111667442943642,,False,False,6.63074186568848,23.5
15257,2016-03-21 00:00:00,20160321-gsw-min,20.0,Leandro Barbosa,,,,,gsw,min,A,,,3000.0,1.0,0.0,,,18.779166666666672,16.396969696969695,11.75,107.6107226107226,0.716595823322861,,False,False,5.254834083964973,19.0
15959,2016-03-21 00:00:00,20160321-gsw-min,20.0,Tony Mitchell,,,,,gsw,min,A,,,,,,,,,,,107.6107226107226,,,False,False,,
17346,2016-03-21 00:00:00,20160321-gsw-min,20.0,Ben Gordon,,,,,gsw,min,A,,,,,,,,,,,107.6107226107226,,,False,False,,
19270,2016-03-21 00:00:00,20160321-gsw-min,20.0,Xavier Henry,,,,,gsw,min,A,,,,,,,,,,,107.6107226107226,,,False,False,,
21943,2016-03-21 00:00:00,20160321-gsw-min,20.0,Festus Ezeli,,,,,gsw,min,A,,,3400.0,5.0,0.0,,,,13.015384615384612,13.096153846153847,107.6107226107226,1.0062056737588656,,False,False,8.506454939692894,
22081,2016-03-21 00:00:00,20160321-gsw-min,20.0,Harrison Barnes,,,,,gsw,min,A,,,4200.0,3.0,200.0,,,32.45833333333333,30.212962962962965,20.42361111111111,107.6107226107226,0.6759883542752068,,True,False,6.778068478673498,34.25
24265,2016-03-21 00:00:00,20160321-gsw-min,20.0,James Michael McAdoo,,,,,gsw,min,A,,,3000.0,4.0,0.0,,,10.254166666666684,8.778571428571427,8.625,107.6107226107226,0.9825061025223761,,False,False,6.543309854053516,17.75
24714,2016-03-21 00:00:00,20160321-gsw-min,20.0,Marreese Speights,,,,,gsw,min,A,,,3900.0,5.0,200.0,,,15.533333333333326,12.514814814814816,15.743055555555555,107.6107226107226,1.2579535365492749,,True,False,9.263308208639826,42.25
24922,2016-03-21 00:00:00,20160321-gsw-min,20.0,Brandon Rush,,,,,gsw,min,A,,,3100.0,2.0,100.0,,,20.125,15.277642276422768,10.225609756097562,107.6107226107226,0.6693185748875821,,True,False,7.446854385839865,20.25
26170,2016-03-21 00:00:00,20160321-gsw-min,20.0,Ian Clark,,,,,gsw,min,A,,,3000.0,2.0,0.0,,,7.504166666666672,10.025000000000004,8.279411764705882,107.6107226107226,0.8258764852574443,,False,False,7.172592169597582,11.25
26376,2016-03-21 00:00:00,20160321-gsw-min,20.0,Klay Thompson,,,,,gsw,min,A,,,6800.0,2.0,100.0,,,31.045833333333327,33.73571428571429,35.035714285714285,107.6107226107226,1.0385348295574846,,True,False,11.861699409949066,59.0
27283,2016-03-21 00:00:00,20160321-gsw-min,20.0,Juwan Staten,,,,,gsw,min,A,,,,,,,,,,,107.6107226107226,,,False,False,,
27991,2016-03-21 00:00:00,20160321-gsw-min,20.0,Shaun Livingston,,,,,gsw,min,A,,,3400.0,1.0,0.0,,,17.8375,18.20731707317073,15.731707317073171,107.6107226107226,0.8640321500334897,,False,False,6.622733160274172,31.5
1764,2016-03-21 00:00:00,20160321-phi-ind,19.0,Ty Lawson,,,,,ind,phi,H,,,3200.0,1.0,0.0,,,,18.787499999999994,12.4375,110.53424657534246,0.6620093147039257,,False,False,8.03569150496477,8.5
2041,2016-03-21 00:00:00,20160321-phi-ind,19.0,Rodney Stuckey,,,,,ind,phi,H,,,3100.0,2.0,0.0,,,17.283333333333335,20.798550724637686,14.847826086956522,110.53424657534246,0.713887533969758,,False,False,6.616413445173326,21.5
2768,2016-03-21 00:00:00,20160321-phi-ind,19.0,Shayne Whittington,,,,,ind,phi,H,,,3000.0,5.0,0.0,,,3.5,2.8124999999999973,3.6875,110.53424657534246,1.3111111111111124,,False,False,3.776986232434532,0.0
4926,2016-03-21 00:00:00,20160321-phi-ind,19.0,George Hill,,,,,ind,phi,H,,,4800.0,1.0,500.0,,,36.611111111111136,35.36622807017543,26.81578947368421,110.53424657534246,0.758231537173684,,True,False,7.502405967810071,42.25
10434,2016-03-21 00:00:00,20160321-phi-ind,19.0,Kadeem Jack,,,,,ind,phi,H,,,,,,,,,,,110.53424657534246,,,False,False,,
17547,2016-03-21 00:00:00,20160321-phi-ind,19.0,Ian Mahinmi,,,,,ind,phi,H,,,4800.0,5.0,0.0,,,30.083333333333353,26.098989898989903,23.674242424242426,110.53424657534246,0.9070942023376422,,False,False,8.97315546167534,36.0
18522,2016-03-21 00:00:00,20160321-phi-ind,19.0,Myles Turner,,,,,ind,phi,H,,,4900.0,4.0,0.0,,,23.52222222222223,24.17350427350428,22.942307692307693,110.53424657534246,0.9490683449421912,,False,False,9.958212284483293,33.0
19687,2016-03-21 00:00:00,20160321-phi-ind,19.0,Jordan Hill,,,,,ind,phi,H,,,4000.0,4.0,-300.0,,,22.744444444444422,20.339166666666664,18.65,110.53424657534246,0.9169500553120007,,False,True,9.130605057604273,29.5
21731,2016-03-21 00:00:00,20160321-phi-ind,19.0,C.J. Fair,,,,,ind,phi,H,,,,,,,,,,,110.53424657534246,,,False,False,,
22708,2016-03-21 00:00:00,20160321-phi-ind,19.0,Monta Ellis,,,,,ind,phi,H,,,6300.0,2.0,300.0,,,39.69444444444443,35.85277777777779,31.916666666666668,110.53424657534246,0.8902146122259237,,True,False,8.54929512617687,40.25
23162,2016-03-21 00:00:00,20160321-phi-ind,19.0,Rakeem Christmas,,,,,ind,phi,H,,,3000.0,4.0,0.0,,,,,,110.53424657534246,,,False,False,,
23568,2016-03-21 00:00:00,20160321-phi-ind,19.0,Lavoy Allen,,,,,ind,phi,H,,,3100.0,5.0,0.0,,,16.4777777777778,20.69333333333334,15.26875,110.53424657534246,0.7378584085051545,,False,False,7.497090781917189,23.0
25400,2016-03-21 00:00:00,20160321-phi-ind,19.0,Glenn Robinson III,,,,,ind,phi,H,,,3000.0,3.0,0.0,,,,12.275362318840578,8.130434782608695,110.53424657534246,0.6623376623376623,,False,False,5.224434269730569,16.75
26446,2016-03-21 00:00:00,20160321-phi-ind,19.0,C.J. Miles,,,,,ind,phi,H,,,3400.0,3.0,-100.0,,,8.575,20.30862068965517,16.586206896551722,110.53424657534246,0.8167077001443246,,False,True,9.41557312336213,21.0
27007,2016-03-21 00:00:00,20160321-phi-ind,19.0,Solomon Hill,,,,,ind,phi,H,,,3100.0,3.0,0.0,,,21.33333333333336,15.868181818181824,10.666666666666666,110.53424657534246,0.6722047168910529,,False,False,7.59668581795158,26.25
29477,2016-03-21 00:00:00,20160321-phi-ind,19.0,Paul George,,,,,ind,phi,H,,,8600.0,3.0,300.0,,,39.327777777777804,35.37460317460317,41.839285714285715,110.53424657534246,1.1827492596248768,,True,False,11.433639582893035,67.75
30777,2016-03-21 00:00:00,20160321-phi-ind,19.0,Joseph Young,,,,,ind,phi,H,,,3000.0,2.0,0.0,,,6.616666666666665,11.656,10.46,110.53424657534246,0.8973919011667811,,False,False,8.232835679966735,16.5
407,2016-03-21 00:00:00,20160321-mem-pho,22.0,Lance Stephenson,,,,,mem,pho,A,,,6500.0,3.0,400.0,,,33.96111111111114,19.443548387096776,18.491935483870968,109.90951276102088,0.9510576524263791,,True,False,13.69633221446648,53.75
826,2016-03-21 00:00:00,20160321-mem-pho,22.0,Vince Carter,,,,,mem,pho,A,,,4000.0,2.0,-300.0,,,25.8666666666667,16.139351851851853,12.381944444444445,109.90951276102088,0.7671896962221393,,False,True,9.614068209643747,38.0
1693,2016-03-21 00:00:00,20160321-mem-pho,22.0,P.J. Hairston,,,,,mem,pho,A,,,3400.0,3.0,0.0,,,17.8333333333333,21.469736842105263,12.901315789473685,109.90951276102088,0.6009070294784581,,False,False,8.362266332873292,29.0
4507,2016-03-21 00:00:00,20160321-mem-pho,22.0,Yakhouba Diawara,,,,,mem,pho,A,,,,,,,,,,,109.90951276102088,,,False,False,,
7348,2016-03-21 00:00:00,20160321-mem-pho,22.0,Briante Weber,,,,,mem,pho,A,,,3500.0,1.0,-100.0,,,23.67083333333335,27.655555555555566,18.083333333333332,109.90951276102088,0.6538770590598632,,False,True,8.915809927688379,29.75
9537,2016-03-21 00:00:00,20160321-mem-pho,22.0,Zach Randolph,,,,,mem,pho,A,,,6700.0,4.0,300.0,,,35.8,29.6406862745098,30.455882352941178,109.90951276102088,1.0275026047265452,,True,False,11.262446076323892,60.25
10299,2016-03-21 00:00:00,20160321-mem-pho,22.0,Brandan Wright,,,,,mem,pho,A,,,3400.0,4.0,0.0,,,,18.49,15.75,109.90951276102088,0.8518117901568416,,False,False,7.850159234053791,27.0
12115,2016-03-21 00:00:00,20160321-mem-pho,22.0,Chris Andersen,,,,,mem,pho,A,,,3000.0,5.0,0.0,,,,13.16025641025641,10.307692307692308,109.90951276102088,0.7832440331222601,,False,False,6.763223040639418,22.5
12539,2016-03-21 00:00:00,20160321-mem-pho,22.0,Xavier Munford,,,,,mem,pho,A,,,3000.0,2.0,0.0,,,15.35,15.35,9.5,109.90951276102088,0.6188925081433225,,False,False,3.8890872965260113,12.25
13309,2016-03-21 00:00:00,20160321-mem-pho,22.0,Mario Chalmers,,,,,mem,pho,A,,,,,,,,,24.481428571428577,24.178571428571427,109.90951276102088,0.9876291066114253,,False,False,10.686125458318573,39.5
13444,2016-03-21 00:00:00,20160321-mem-pho,22.0,Elliot Williams,,,,,mem,pho,A,,,,,,,,,9.029999999999992,4.2,109.90951276102088,0.4651162790697679,,False,False,5.772780958948642,
13606,2016-03-21 00:00:00,20160321-mem-pho,22.0,JaMychal Green,,,,,mem,pho,A,,,5500.0,4.0,-200.0,,,30.787499999999977,18.58378378378378,16.35810810810811,109.90951276102088,0.8802356020942411,,False,True,12.766538910987808,50.5
14354,2016-03-21 00:00:00,20160321-mem-pho,22.0,Matt Barnes,,,,,mem,pho,A,,,5800.0,3.0,-200.0,,,32.4888888888889,29.559047619047618,24.857142857142858,109.90951276102088,0.8409317910880563,,False,True,12.353150008238806,65.25
15043,2016-03-21 00:00:00,20160321-mem-pho,22.0,Marc Gasol,,,,,mem,pho,A,,,6900.0,5.0,0.0,,,,33.95434782608695,34.45652173913044,109.90951276102088,1.0147896792368272,,False,False,11.100433082745285,
15115,2016-03-21 00:00:00,20160321-mem-pho,22.0,Lazeric Jones,,,,,mem,pho,A,,,,,,,,,,,109.90951276102088,,,False,False,,
16163,2016-03-21 00:00:00,20160321-mem-pho,22.0,Ryan Hollins,,,,,mem,pho,A,,,3200.0,5.0,0.0,,,22.21666666666665,13.98866666666667,9.68,109.90951276102088,0.6919887527998854,,False,False,6.120968060691054,25.25
17491,2016-03-21 00:00:00,20160321-mem-pho,22.0,James Ennis,,,,,mem,pho,A,,,,,,,,,2.603333333333333,1.9,109.90951276102088,0.7298335467349553,,False,False,1.9493588689617927,4.5
17687,2016-03-21 00:00:00,20160321-mem-pho,22.0,Sampson Carter,,,,,mem,pho,A,,,,,,,,,,,109.90951276102088,,,False,False,,
18176,2016-03-21 00:00:00,20160321-mem-pho,22.0,Jarell Martin,,,,,mem,pho,A,,,3400.0,4.0,-100.0,,,20.775000000000002,14.695238095238091,12.196428571428571,109.90951276102088,0.8299578742709011,,False,True,9.852361378130357,28.5
18918,2016-03-21 00:00:00,20160321-mem-pho,22.0,Tony Allen,,,,,mem,pho,A,,,4700.0,3.0,100.0,,,31.220833333333346,28.57204301075269,21.387096774193548,109.90951276102088,0.74853228962818,,True,False,9.137340675692021,46.0
21519,2016-03-21 00:00:00,20160321-mem-pho,22.0,Mike Conley,,,,,mem,pho,A,,,6300.0,1.0,0.0,,,,31.178395061728402,31.97222222222222,109.90951276102088,1.0254608089647388,,False,False,8.025300537546787,45.5
22080,2016-03-21 00:00:00,20160321-mem-pho,22.0,Michael Holyfield,,,,,mem,pho,A,,,,,,,,,,,109.90951276102088,,,False,False,,
25681,2016-03-21 00:00:00,20160321-mem-pho,22.0,Jordan Adams,,,,,mem,pho,A,,,3000.0,2.0,0.0,,,,,,109.90951276102088,,,False,False,,
27701,2016-03-21 00:00:00,20160321-mem-pho,22.0,Alex Stepheson,,,,,mem,pho,A,,,3000.0,3.0,-300.0,,,14.0,9.020833333333337,9.1875,109.90951276102088,1.0184757505773667,,False,True,11.592600780547171,32.25
27857,2016-03-21 00:00:00,20160321-mem-pho,22.0,Ray McCallum,,,,,mem,pho,A,,,3200.0,1.0,100.0,,,23.4375,11.88402777777778,7.989583333333333,109.90951276102088,0.6722959153859638,,True,False,8.802938975220108,27.5
30600,2016-03-21 00:00:00,20160321-mem-pho,22.0,Russ Smith,,,,,mem,pho,A,,,,,,,,,6.85,7.5,109.90951276102088,1.094890510948905,,False,False,,
2182,2016-03-21 00:00:00,20160321-mil-det,19.5,Tyler Ennis,,,,,mil,det,A,,,3000.0,1.0,0.0,,,23.822222222222205,9.72272727272727,8.045454545454545,102.85809312638581,0.8274894810659188,,False,False,7.007069713798057,25.75
2253,2016-03-21 00:00:00,20160321-mil-det,19.5,Charlie Westbrook,,,,,mil,det,A,,,,,,,,,,,102.85809312638581,,,False,False,,
2358,2016-03-21 00:00:00,20160321-mil-det,19.5,Jared Cunningham,,,,,mil,det,A,,,3000.0,2.0,0.0,,,15.65,4.103508771929825,2.3026315789473686,102.85809312638581,0.5611372381359556,,False,False,4.32015540114687,8.25
4577,2016-03-21 00:00:00,20160321-mil-det,19.5,Steve Novak,,,,,mil,det,A,,,3000.0,3.0,0.0,,,,4.8388888888888895,3.1666666666666665,102.85809312638581,0.6544202066590126,,False,False,3.0564140208202595,4.75
8750,2016-03-21 00:00:00,20160321-mil-det,19.5,Marcus Landry,,,,,mil,det,A,,,,,,,,,,,102.85809312638581,,,False,False,,
10922,2016-03-21 00:00:00,20160321-mil-det,19.5,Damien Inglis,,,,,mil,det,A,,,3000.0,3.0,0.0,,,10.944444444444448,5.852380952380954,4.964285714285714,102.85809312638581,0.8482506102522374,,False,False,9.089174618088006,25.25
11055,2016-03-21 00:00:00,20160321-mil-det,19.5,Johnny O'Bryant,,,,,mil,det,A,,,3000.0,4.0,0.0,,,6.133333333333323,10.826344086021507,5.451612903225806,102.85809312638581,0.5035506778566816,,False,False,3.8930597193588774,6.5
11972,2016-03-21 00:00:00,20160321-mil-det,19.5,John Henson,,,,,mil,det,A,,,3500.0,4.0,0.0,,,15.416666666666666,17.909166666666664,17.8,102.85809312638581,0.993904425108185,,False,False,7.842445241659074,17.0
13308,2016-03-21 00:00:00,20160321-mil-det,19.5,Josh Powell,,,,,mil,det,A,,,,,,,,,,,102.85809312638581,,,False,False,,
14425,2016-03-21 00:00:00,20160321-mil-det,19.5,Michael Carter-Williams,,,,,mil,det,A,,,5300.0,1.0,0.0,,,,31.176666666666662,30.325,102.85809312638581,0.9726825617448948,,False,False,11.806659064945597,38.75
14635,2016-03-21 00:00:00,20160321-mil-det,19.5,Greivis Vasquez,,,,,mil,det,A,,,3000.0,1.0,0.0,,,,,,102.85809312638581,,,False,False,,
22291,2016-03-21 00:00:00,20160321-mil-det,19.5,Jerryd Bayless,,,,,mil,det,A,,,4200.0,1.0,0.0,,,27.094444444444463,27.651190476190486,19.758928571428573,102.85809312638581,0.7145778619709818,,False,False,7.679784111204494,35.5
22637,2016-03-21 00:00:00,20160321-mil-det,19.5,Miles Plumlee,,,,,mil,det,A,,,3400.0,5.0,0.0,,,19.333333333333332,15.248924731182791,14.080645161290322,102.85809312638581,0.9233861016112543,,False,False,8.381623524307557,26.75
23778,2016-03-21 00:00:00,20160321-mil-det,19.5,O.J. Mayo,,,,,mil,det,A,,,3500.0,1.0,0.0,,,,23.784782608695647,13.98913043478261,102.85809312638581,0.5881546476556075,,False,False,8.990992418194537,36.25
24060,2016-03-21 00:00:00,20160321-mil-det,19.5,Giannis Antetokounmpo,,,,,mil,det,A,,,9800.0,3.0,200.0,,,31.427777777777766,36.28292682926829,40.30487804878049,102.85809312638581,1.1108496907770906,,True,False,16.033316113947112,77.75
25399,2016-03-21 00:00:00,20160321-mil-det,19.5,Jon Horford,,,,,mil,det,A,,,,,,,,,,,102.85809312638581,,,False,False,,
25470,2016-03-21 00:00:00,20160321-mil-det,19.5,Khris Middleton,,,,,mil,det,A,,,6800.0,2.0,0.0,,,30.116666666666664,37.758943089430886,36.88414634146341,102.85809312638581,0.9768320647668675,,False,False,9.777860444803284,50.5
26657,2016-03-21 00:00:00,20160321-mil-det,19.5,Rashad Vaughn,,,,,mil,det,A,,,3000.0,2.0,0.0,,,17.075,13.538749999999993,5.73125,102.85809312638581,0.4233219462653497,,False,False,4.887315968074386,11.5
26936,2016-03-21 00:00:00,20160321-mil-det,19.5,Greg Monroe,,,,,mil,det,A,,,5600.0,5.0,0.0,,,25.849999999999998,29.200000000000006,33.13414634146341,102.85809312638581,1.1347310390912126,,False,False,9.00765257312074,50.5
29898,2016-03-21 00:00:00,20160321-mil-det,19.5,Jabari Parker,,,,,mil,det,A,,,5800.0,4.0,0.0,,,33.26666666666666,34.237398373983744,26.99390243902439,102.85809312638581,0.7884332256838904,,False,False,10.103292749903066,50.5
4437,2016-03-21 00:00:00,20160321-gsw-min,20.0,Nemanja Bjelica,,,,,min,gsw,H,,,3000.0,4.0,0.0,,,6.05,14.815972222222229,8.979166666666666,105.22,0.6060464026247946,,False,False,6.589647953034178,2.25
5213,2016-03-21 00:00:00,20160321-gsw-min,20.0,Andrew Wiggins,,,,,min,gsw,H,,,6400.0,2.0,100.0,,,35.9722222222222,35.08048780487804,30.524390243902438,105.22,0.8701244524786208,,True,False,8.395460990553312,42.5
13373,2016-03-21 00:00:00,20160321-gsw-min,20.0,Tayshaun Prince,,,,,min,gsw,H,,,3000.0,3.0,0.0,,,17.98888888888887,19.812162162162153,8.885135135135135,105.22,0.44846872655344133,,False,False,5.280531129442284,14.75
15889,2016-03-21 00:00:00,20160321-gsw-min,20.0,Damjan Rudez,,,,,min,gsw,H,,,3000.0,3.0,0.0,,,,9.394047619047624,4.196428571428571,105.22,0.4467114434165502,,False,False,4.00981796468245,9.0
17030,2016-03-21 00:00:00,20160321-gsw-min,20.0,Karl-Anthony Towns,,,,,min,gsw,H,,,8400.0,5.0,100.0,,,38.2666666666667,33.61260162601627,40.59146341463415,105.22,1.2076263499703699,,True,False,11.783298044472867,61.75
17420,2016-03-21 00:00:00,20160321-gsw-min,20.0,Shabazz Muhammad,,,,,min,gsw,H,,,3600.0,3.0,0.0,,,18.705555555555566,22.93983739837398,17.975609756097562,105.22,0.7835979586050469,,False,False,7.903085805171447,31.75
19410,2016-03-21 00:00:00,20160321-gsw-min,20.0,Zach LaVine,,,,,min,gsw,H,,,6100.0,2.0,100.0,,,35.85,28.285365853658536,23.225609756097562,105.22,0.821117530395792,,True,False,10.003562627579358,36.25
20519,2016-03-21 00:00:00,20160321-gsw-min,20.0,Kleon Penn,,,,,min,gsw,H,,,,,,,,,,,105.22,,,False,False,,
20520,2016-03-21 00:00:00,20160321-gsw-min,20.0,Nikola Pekovic,,,,,min,gsw,H,,,3000.0,5.0,0.0,,,,13.026388888888901,7.854166666666667,105.22,0.602942744429043,,False,False,4.313638958073109,
21802,2016-03-21 00:00:00,20160321-gsw-min,20.0,Ricky Rubio,,,,,min,gsw,H,,,6800.0,1.0,-100.0,,,32.4111111111111,31.008130081300816,32.23780487804878,105.22,1.0396565285789197,,False,True,10.142723872854651,50.75
22847,2016-03-21 00:00:00,20160321-gsw-min,20.0,Tyus Jones,,,,,min,gsw,H,,,3000.0,1.0,0.0,,,15.4611111111111,14.64924242424242,12.102272727272727,105.22,0.826136422402648,,False,False,6.354441215415654,24.75
22954,2016-03-21 00:00:00,20160321-gsw-min,20.0,Kevin Garnett,,,,,min,gsw,H,,,3000.0,4.0,0.0,,,,13.069047619047618,10.0,105.22,0.7651666970304245,,False,False,5.034496384560609,
26578,2016-03-21 00:00:00,20160321-gsw-min,20.0,Greg Smith,,,,,min,gsw,H,,,3000.0,5.0,0.0,,,10.05833333333335,10.56458333333333,6.21875,105.22,0.5886412936304478,,False,False,4.672177337326632,14.5
27216,2016-03-21 00:00:00,20160321-gsw-min,20.0,Adreian Payne,,,,,min,gsw,H,,,3000.0,4.0,0.0,,,4.65833333333333,9.186538461538465,6.221153846153846,105.22,0.6772032656478959,,False,False,5.140684255562154,16.5
27717,2016-03-21 00:00:00,20160321-gsw-min,20.0,Nick Wiggins,,,,,min,gsw,H,,,,,,,,,,,105.22,,,False,False,,
29269,2016-03-21 00:00:00,20160321-gsw-min,20.0,Gorgui Dieng,,,,,min,gsw,H,,,6200.0,4.0,0.0,,,33.51666666666667,29.110162601626016,27.835365853658537,105.22,0.9562078451634526,,False,False,11.083998849143068,47.25
0,2016-03-21 00:00:00,20160321-orl-bos,19.5,Chris Copeland,,,,,orl,bos,A,,,,,,,,,3.3380952380952396,2.3214285714285716,104.3778801843318,0.6954350927246787,,False,False,1.8524436884957176,
1368,2016-03-21 00:00:00,20160321-orl-bos,19.5,Melvin Ejim,,,,,orl,bos,A,,,,,,,,,,,104.3778801843318,,,False,False,,
1470,2016-03-21 00:00:00,20160321-orl-bos,19.5,Keith Appling,,,,,orl,bos,A,,,,,,,,,5.37,1.85,104.3778801843318,0.34450651769087526,,False,False,2.1621748310439655,
4367,2016-03-21 00:00:00,20160321-orl-bos,19.5,Victor Oladipo,,,,,orl,bos,A,,,7700.0,2.0,0.0,,,40.716666666666676,34.94078947368422,33.578947368421055,104.3778801843318,0.9610242892110712,,False,False,12.43593111294059,67.25
5944,2016-03-21 00:00:00,20160321-orl-bos,19.5,Greg Stiemsma,,,,,orl,bos,A,,,,,,,,,,,104.3778801843318,,,False,False,,
7780,2016-03-21 00:00:00,20160321-orl-bos,19.5,Elfrid Payton,,,,,orl,bos,A,,,5400.0,1.0,0.0,,,16.6333333333333,27.527604166666666,23.6171875,104.3778801843318,0.8579456227650275,,False,False,11.792217289758147,44.5
8821,2016-03-21 00:00:00,20160321-orl-bos,19.5,Devyn Marble,,,,,orl,bos,A,,,3000.0,3.0,0.0,,,10.883333333333333,8.63076923076923,5.538461538461538,104.3778801843318,0.6417112299465241,,False,False,7.497114829668195,24.5
11625,2016-03-21 00:00:00,20160321-orl-bos,19.5,Andrew Nicholson,,,,,orl,bos,A,,,3200.0,4.0,0.0,,,21.94166666666665,10.322666666666667,8.57,104.3778801843318,0.8302118315680703,,False,False,9.706237255840529,31.75
13525,2016-03-21 00:00:00,20160321-orl-bos,19.5,Jason Smith,,,,,orl,bos,A,,,4300.0,4.0,0.0,,,20.262500000000006,15.297916666666662,14.85,104.3778801843318,0.9707204139997279,,False,False,8.395053488627877,43.75
14284,2016-03-21 00:00:00,20160321-orl-bos,19.5,C.J. Watson,,,,,orl,bos,A,,,3300.0,1.0,0.0,,,20.7777777777778,20.556250000000006,11.984375,104.3778801843318,0.5830039525691698,,False,False,7.1019180214455675,24.75
15536,2016-03-21 00:00:00,20160321-orl-bos,19.5,Brandon Jennings,,,,,orl,bos,A,,,4600.0,1.0,0.0,,,28.641666666666676,18.60042735042735,16.416666666666668,104.3778801843318,0.8825962090752443,,False,False,9.45963261035052,35.75
16338,2016-03-21 00:00:00,20160321-orl-bos,19.5,Aaron Gordon,,,,,orl,bos,A,,,5800.0,4.0,0.0,,,22.316666666666677,26.099186991869917,25.603658536585368,104.3778801843318,0.9810136440097191,,False,False,11.793268155201417,44.0
16408,2016-03-21 00:00:00,20160321-orl-bos,19.5,Jordan Sibert,,,,,orl,bos,A,,,,,,,,,,,104.3778801843318,,,False,False,,
16959,2016-03-21 00:00:00,20160321-orl-bos,19.5,Ersan Ilyasova,,,,,orl,bos,A,,,3800.0,4.0,0.0,,,24.48888888888887,24.872499999999995,21.7875,104.3778801843318,0.8759674339129563,,False,False,9.235270670585368,41.0
17238,2016-03-21 00:00:00,20160321-orl-bos,19.5,Joe Harris,,,,,orl,bos,A,,,,,,,,,,,104.3778801843318,,,False,False,,
18592,2016-03-21 00:00:00,20160321-orl-bos,19.5,Evan Fournier,,,,,orl,bos,A,,,5500.0,2.0,-100.0,,,35.8375,32.86052631578948,25.519736842105264,104.3778801843318,0.7766076719788579,,False,True,9.086368907813297,41.25
25120,2016-03-21 00:00:00,20160321-orl-bos,19.5,Nikola Vucevic,,,,,orl,bos,A,,,7200.0,5.0,0.0,,,,33.05909090909092,38.31060606060606,104.3778801843318,1.1588523763692191,,False,False,9.984368701686252,53.75
26445,2016-03-21 00:00:00,20160321-orl-bos,19.5,Nnanna Egwu,,,,,orl,bos,A,,,,,,,,,,,104.3778801843318,,,False,False,,
28919,2016-03-21 00:00:00,20160321-orl-bos,19.5,Shabazz Napier,,,,,orl,bos,A,,,3000.0,1.0,0.0,,,,10.786111111111106,8.020833333333334,104.3778801843318,0.7436260623229466,,False,False,7.188047395664475,9.25
29828,2016-03-21 00:00:00,20160321-orl-bos,19.5,Dewayne Dedmon,,,,,orl,bos,A,,,3100.0,5.0,0.0,,,18.516666666666673,9.981609195402298,8.827586206896552,104.3778801843318,0.8843850760018426,,False,False,6.960059346612957,21.0
30847,2016-03-21 00:00:00,20160321-orl-bos,19.5,Mario Hezonja,,,,,orl,bos,A,,,3700.0,2.0,0.0,,,16.470833333333324,18.809756097560978,12.670731707317072,104.3778801843318,0.673625518672199,,False,False,8.434386281835776,35.75
967,2016-03-21 00:00:00,20160321-phi-ind,19.0,Sonny Weems,,,,,phi,ind,A,,,3000.0,2.0,0.0,,,11.422222222222233,12.820238095238098,6.357142857142857,101.99520383693046,0.49586776859504117,,False,False,5.961073018709931,9.5
1970,2016-03-21 00:00:00,20160321-phi-ind,19.0,Carl Landry,,,,,phi,ind,A,,,4000.0,4.0,0.0,,,18.404166666666672,13.85059523809524,14.392857142857142,101.99520383693046,1.039150801495552,,False,False,10.540360826328781,36.0
2111,2016-03-21 00:00:00,20160321-phi-ind,19.0,Jahlil Okafor,,,,,phi,ind,A,,,5800.0,5.0,0.0,,,,27.753205128205124,29.26923076923077,101.99520383693046,1.0546252454094007,,False,False,10.039652154562692,44.0
2323,2016-03-21 00:00:00,20160321-phi-ind,19.0,Elton Brand,,,,,phi,ind,A,,,3100.0,5.0,0.0,,,12.033333333333344,11.016666666666667,11.25,101.99520383693046,1.021180030257186,,False,False,7.762087348130012,25.75
4214,2016-03-21 00:00:00,20160321-phi-ind,19.0,Hollis Thompson,,,,,phi,ind,A,,,4400.0,2.0,0.0,,,32.07916666666668,28.98468468468468,18.06756756756757,101.99520383693046,0.623348770708358,,False,False,6.508981148043494,31.5
5772,2016-03-21 00:00:00,20160321-phi-ind,19.0,Isaiah Canaan,,,,,phi,ind,A,,,4500.0,1.0,0.0,,,30.887500000000003,24.03875,18.43125,101.99520383693046,0.7667307992304092,,False,False,8.709703456195957,29.25
5872,2016-03-21 00:00:00,20160321-phi-ind,19.0,Pierre Jackson,,,,,phi,ind,A,,,,,,,,,,,101.99520383693046,,,False,False,,
6309,2016-03-21 00:00:00,20160321-phi-ind,19.0,J.P. Tokoto,,,,,phi,ind,A,,,,,,,,,,,101.99520383693046,,,False,False,,
6445,2016-03-21 00:00:00,20160321-phi-ind,19.0,Robert Covington,,,,,phi,ind,A,,,5900.0,3.0,0.0,,,,26.837500000000006,24.40277777777778,101.99520383693046,0.9092790974486362,,False,False,11.631127843878035,42.75
8473,2016-03-21 00:00:00,20160321-phi-ind,19.0,Nik Stauskas,,,,,phi,ind,A,,,4100.0,2.0,0.0,,,26.075,24.378571428571433,16.67142857142857,101.99520383693046,0.6838558452973922,,False,False,9.80954131651099,40.0
11554,2016-03-21 00:00:00,20160321-phi-ind,19.0,Richaun Holmes,,,,,phi,ind,A,,,3500.0,4.0,0.0,,,,13.443333333333333,12.225,101.99520383693046,0.9093726754277213,,False,False,8.46731800146487,30.5
12397,2016-03-21 00:00:00,20160321-phi-ind,19.0,Furkan Aldemir,,,,,phi,ind,A,,,,,,,,,,,101.99520383693046,,,False,False,,
17829,2016-03-21 00:00:00,20160321-phi-ind,19.0,Jerami Grant,,,,,phi,ind,A,,,5500.0,3.0,200.0,,,29.905555555555537,26.766666666666662,22.45945945945946,101.99520383693046,0.8390831678502912,,True,False,9.229239750183456,39.0
21942,2016-03-21 00:00:00,20160321-phi-ind,19.0,Scottie Wilbekin,,,,,phi,ind,A,,,,,,,,,,,101.99520383693046,,,False,False,,
22916,2016-03-21 00:00:00,20160321-phi-ind,19.0,Christian Wood,,,,,phi,ind,A,,,,,,,,,,,101.99520383693046,,,False,False,,
23989,2016-03-21 00:00:00,20160321-phi-ind,19.0,T.J. McConnell,,,,,phi,ind,A,,,3200.0,1.0,0.0,,,18.804166666666674,16.246249999999996,16.03125,101.99520383693046,0.9867661768100333,,False,False,7.249709874831597,23.0
25258,2016-03-21 00:00:00,20160321-phi-ind,19.0,Nerlens Noel,,,,,phi,ind,A,,,6900.0,4.0,0.0,,,30.704166666666673,28.863596491228062,31.907894736842106,101.99520383693046,1.105471895941285,,False,False,8.915788654963258,51.5
28409,2016-03-21 00:00:00,20160321-phi-ind,19.0,Joel Embiid,,,,,phi,ind,A,,,3000.0,5.0,0.0,,,,,,101.99520383693046,,,False,False,,
29410,2016-03-21 00:00:00,20160321-phi-ind,19.0,Ishmael Smith,,,,,phi,ind,A,,,6100.0,1.0,0.0,,,33.199999999999974,30.98675213675214,32.03846153846154,101.99520383693046,1.0339406142685734,,False,False,11.314949714626854,45.0
30703,2016-03-21 00:00:00,20160321-phi-ind,19.0,Kendall Marshall,,,,,phi,ind,A,,,3000.0,1.0,0.0,,,13.100000000000023,12.417647058823539,8.955882352941176,101.99520383693046,0.7212221695878724,,False,False,5.470971187576674,18.75
2828,2016-03-21 00:00:00,20160321-mem-pho,22.0,Cory Jefferson,,,,,pho,mem,H,,,,,,,,,9.9888888888889,8.833333333333334,100.7729357798165,0.8843159065628468,,False,False,1.5069284433354255,
3568,2016-03-21 00:00:00,20160321-mem-pho,22.0,Alex Len,,,,,pho,mem,H,,,6400.0,5.0,-400.0,,,28.122222222222234,24.210476190476186,24.521428571428572,100.7729357798165,1.0128437118917433,,False,True,14.942459665006165,55.25
4996,2016-03-21 00:00:00,20160321-mem-pho,22.0,Terrico White,,,,,pho,mem,H,,,,,,,,,,,100.7729357798165,,,False,False,,
5353,2016-03-21 00:00:00,20160321-mem-pho,22.0,Chase Budinger,,,,,pho,mem,H,,,3000.0,3.0,0.0,,,9.977777777777767,12.73765432098766,9.518518518518519,100.7729357798165,0.7472740489459653,,False,False,4.912173812778979,20.0
6082,2016-03-21 00:00:00,20160321-mem-pho,22.0,P.J. Tucker,,,,,pho,mem,H,,,4400.0,3.0,0.0,,,35.65,33.24059829059828,23.378205128205128,100.7729357798165,0.7033027782420326,,False,False,10.633838706742997,51.5
6711,2016-03-21 00:00:00,20160321-mem-pho,22.0,Alan Williams,,,,,pho,mem,H,,,3000.0,4.0,0.0,,,2.2,2.2,3.0,100.7729357798165,1.3636363636363635,,False,False,,3.0
7027,2016-03-21 00:00:00,20160321-mem-pho,22.0,DeJuan Blair,,,,,pho,mem,H,,,,,,,,,6.066666666666668,4.732142857142857,100.7729357798165,0.7800235478806905,,False,False,6.648788413134935,
9879,2016-03-21 00:00:00,20160321-mem-pho,22.0,Archie Goodwin,,,,,pho,mem,H,,,3000.0,1.0,0.0,,,8.433333333333335,23.33676470588236,18.066176470588236,100.7729357798165,0.7741508601676222,,False,False,10.993163995619328,23.75
15396,2016-03-21 00:00:00,20160321-mem-pho,22.0,Ronnie Price,,,,,pho,mem,H,,,3200.0,1.0,-100.0,,,16.45,25.214285714285705,17.535714285714285,100.7729357798165,0.6954674220963175,,False,True,9.994150074632946,38.25
16409,2016-03-21 00:00:00,20160321-mem-pho,22.0,Tyson Chandler,,,,,pho,mem,H,,,5000.0,5.0,200.0,,,29.05,24.399099099099104,22.66891891891892,100.7729357798165,0.92908835801056,,True,False,12.074717338256775,42.75
17688,2016-03-21 00:00:00,20160321-mem-pho,22.0,T.J. Warren,,,,,pho,mem,H,,,3700.0,3.0,0.0,,,,24.08055555555556,18.98611111111111,100.7729357798165,0.78844157342254,,False,False,12.868529848336069,
18777,2016-03-21 00:00:00,20160321-mem-pho,22.0,John Jenkins,,,,,pho,mem,H,,,3000.0,2.0,0.0,,,6.341666666666665,9.93333333333333,5.45,100.7729357798165,0.5486577181208055,,False,False,4.302386118863517,14.25
18989,2016-03-21 00:00:00,20160321-mem-pho,22.0,Mirza Teletovic,,,,,pho,mem,H,,,4500.0,3.0,-100.0,,,23.938888888888897,21.763963963963963,20.513513513513512,100.7729357798165,0.9425449126583326,,False,True,9.759245250933489,47.25
21285,2016-03-21 00:00:00,20160321-mem-pho,22.0,Bryce Cotton,,,,,pho,mem,H,,,,,,,,,10.9,4.0,100.7729357798165,0.36697247706422015,,False,False,4.924428900898052,
21379,2016-03-21 00:00:00,20160321-mem-pho,22.0,Devin Booker,,,,,pho,mem,H,,,6500.0,2.0,0.0,,,36.661111111111104,34.043859649122794,27.085526315789473,100.7729357798165,0.7956068023705233,,False,False,10.386659244244296,48.25
24545,2016-03-21 00:00:00,20160321-mem-pho,22.0,Phil Pressey,,,,,pho,mem,H,,,,,,,,,12.601851851851855,9.666666666666666,100.7729357798165,0.7670830271858925,,False,False,8.608680212436747,22.0
25891,2016-03-21 00:00:00,20160321-mem-pho,22.0,Kyle Casey,,,,,pho,mem,H,,,,,,,,,,,100.7729357798165,,,False,False,,
25892,2016-03-21 00:00:00,20160321-mem-pho,22.0,Jon Leuer,,,,,pho,mem,H,,,3100.0,4.0,0.0,,,14.07222222222221,16.123214285714287,16.964285714285715,100.7729357798165,1.0521652453206336,,False,False,9.744113675586473,29.25
29622,2016-03-21 00:00:00,20160321-mem-pho,22.0,Eric Bledsoe,,,,,pho,mem,H,,,8000.0,2.0,0.0,,,,23.875,18.875,100.7729357798165,0.7905759162303665,,False,False,18.915106396740146,
30462,2016-03-21 00:00:00,20160321-mem-pho,22.0,Brandon Knight,,,,,pho,mem,H,,,7100.0,1.0,100.0,,,35.49444444444447,36.870588235294115,32.955882352941174,100.7729357798165,0.8938257817485642,,True,False,8.98967954018908,52.5
269,2016-03-21 00:00:00,20160321-sac-chi,20.0,Seth Curry,,,,,sac,chi,A,,,3200.0,1.0,0.0,,,14.4888888888889,11.802500000000006,7.6,105.11926605504587,0.6439313704723573,,False,False,7.4992982127803485,26.5
619,2016-03-21 00:00:00,20160321-sac-chi,20.0,Caron Butler,,,,,sac,chi,A,,,3000.0,3.0,0.0,,,13.916666666666684,10.0375,9.6875,105.11926605504587,0.9651307596513077,,False,False,7.092763330794752,17.0
3150,2016-03-21 00:00:00,20160321-sac-chi,20.0,Quincy Acy,,,,,sac,chi,A,,,3000.0,4.0,0.0,,,14.941666666666668,15.117156862745098,11.654411764705882,105.11926605504587,0.7709393949220144,,False,False,8.386048728683694,28.75
5283,2016-03-21 00:00:00,20160321-sac-chi,20.0,Rajon Rondo,,,,,sac,chi,A,,,7900.0,1.0,0.0,,,35.833333333333336,35.342543859649126,40.473684210526315,105.11926605504587,1.1451831076804704,,False,False,11.243735413986935,50.0
5702,2016-03-21 00:00:00,20160321-sac-chi,20.0,Omri Casspi,,,,,sac,chi,A,,,4200.0,3.0,0.0,,,22.216666666666665,26.69333333333333,23.542857142857144,105.11926605504587,0.8819751676894535,,False,False,7.694174102920368,30.25
7564,2016-03-21 00:00:00,20160321-sac-chi,20.0,Vince Hunter,,,,,sac,chi,A,,,,,,,,,,,105.11926605504587,,,False,False,,
9608,2016-03-21 00:00:00,20160321-sac-chi,20.0,Kosta Koufos,,,,,sac,chi,A,,,3100.0,5.0,0.0,,,12.604166666666659,14.882905982905982,12.076923076923077,105.11926605504587,0.811462700281399,,False,False,6.997921177729611,30.0
12469,2016-03-21 00:00:00,20160321-sac-chi,20.0,DeMarcus Cousins,,,,,sac,chi,A,,,10400.0,4.0,0.0,,,35.554166666666674,35.636752136752136,54.705128205128204,105.11926605504587,1.535076148219211,,False,False,12.649223997790878,75.0
13455,2016-03-21 00:00:00,20160321-sac-chi,20.0,Rudy Gay,,,,,sac,chi,A,,,6300.0,3.0,0.0,,,35.075,34.662745098039224,31.029411764705884,105.11926605504587,0.8951804502771805,,False,False,10.452592237908194,49.5
14706,2016-03-21 00:00:00,20160321-sac-chi,20.0,James Anderson,,,,,sac,chi,A,,,3100.0,2.0,0.0,,,21.794444444444434,13.500666666666664,6.88,105.11926605504587,0.5096044639770877,,False,False,6.484002750359277,26.5
15683,2016-03-21 00:00:00,20160321-sac-chi,20.0,Ben McLemore,,,,,sac,chi,A,,,3000.0,2.0,0.0,,,,19.31611111111111,12.083333333333334,105.11926605504587,0.6255572492737784,,False,False,8.061277529169857,20.5
22290,2016-03-21 00:00:00,20160321-sac-chi,20.0,Marshall Henderson,,,,,sac,chi,A,,,,,,,,,,,105.11926605504587,,,False,False,,
25329,2016-03-21 00:00:00,20160321-sac-chi,20.0,Marco Belinelli,,,,,sac,chi,A,,,3200.0,2.0,0.0,,,20.150000000000002,24.154504504504498,16.263513513513512,105.11926605504587,0.673311825149656,,False,False,9.480415841857072,23.75
25752,2016-03-21 00:00:00,20160321-sac-chi,20.0,Eric Moreland,,,,,sac,chi,A,,,3000.0,4.0,0.0,,,,,,105.11926605504587,,,False,False,,
26239,2016-03-21 00:00:00,20160321-sac-chi,20.0,Duje Dukan,,,,,sac,chi,A,,,3000.0,3.0,0.0,,,,,,105.11926605504587,,,False,False,,
28480,2016-03-21 00:00:00,20160321-sac-chi,20.0,David Stockton,,,,,sac,chi,A,,,,,,,,,,,105.11926605504587,,,False,False,,
29547,2016-03-21 00:00:00,20160321-sac-chi,20.0,Darren Collison,,,,,sac,chi,A,,,5200.0,1.0,0.0,,,35.05,30.21991869918699,24.926829268292682,105.11926605504587,0.8248476614519579,,False,False,9.456850014413993,39.75
30982,2016-03-21 00:00:00,20160321-sac-chi,20.0,Willie Cauley-Stein,,,,,sac,chi,A,,,3900.0,5.0,0.0,,,27.91666666666665,20.42474747474747,17.015151515151516,105.11926605504587,0.833065453376524,,False,False,8.892355256487212,23.75
1227,2016-03-21 00:00:00,20160321-sas-cha,19.0,Boban Marjanovic,,,,,sas,cha,A,,,3000.0,5.0,0.0,,,3.216666666666665,8.690860215053762,11.596774193548388,102.15473441108546,1.3343643674605632,,False,False,10.665692159785591,21.25
7355,2016-03-21 00:00:00,20160321-sas-cha,19.0,LaMarcus Aldridge,,,,,sas,cha,A,,,7500.0,4.0,200.0,,,30.97777777777777,31.211711711711715,35.101351351351354,102.15473441108546,1.124621157454178,,True,False,10.915467405415066,53.75
8057,2016-03-21 00:00:00,20160321-sas-cha,19.0,Boris Diaw,,,,,sas,cha,A,,,3300.0,4.0,300.0,,,20.92222222222223,17.667916666666663,14.5625,102.15473441108546,0.8242341343772848,,True,False,8.323728439119403,30.0
8266,2016-03-21 00:00:00,20160321-sas-cha,19.0,Deshaun Thomas,,,,,sas,cha,A,,,,,,,,,,,102.15473441108546,,,False,False,,
9165,2016-03-21 00:00:00,20160321-sas-cha,19.0,Kyle Anderson,,,,,sas,cha,A,,,3000.0,3.0,0.0,,,13.138888888888891,16.523423423423427,13.885135135135135,102.15473441108546,0.8403304072842264,,False,False,7.329448448864659,31.0
10572,2016-03-21 00:00:00,20160321-sas-cha,19.0,Jonathon Simmons,,,,,sas,cha,A,,,3000.0,3.0,0.0,,,,14.161616161616166,9.371212121212121,102.15473441108546,0.6617332382310982,,False,False,6.2575333386925305,13.25
11902,2016-03-21 00:00:00,20160321-sas-cha,19.0,Matt Bonner,,,,,sas,cha,A,,,3000.0,4.0,0.0,,,,5.868181818181818,4.431818181818182,102.15473441108546,0.7552285050348567,,False,False,4.735624178884592,9.5
12188,2016-03-21 00:00:00,20160321-sas-cha,19.0,Andre Miller,,,,,sas,cha,A,,,3000.0,1.0,0.0,,,3.0083333333333346,8.116666666666669,5.444444444444445,102.15473441108546,0.6707734428473646,,False,False,6.27586152719264,25.0
12468,2016-03-21 00:00:00,20160321-sas-cha,19.0,Keifer Sykes,,,,,sas,cha,A,,,,,,,,,,,102.15473441108546,,,False,False,,
12543,2016-03-21 00:00:00,20160321-sas-cha,19.0,Danny Green,,,,,sas,cha,A,,,4400.0,2.0,0.0,,,27.31111111111113,26.502991452991463,19.935897435897434,102.15473441108546,0.7522131028588932,,False,False,9.559150677409281,36.25
15114,2016-03-21 00:00:00,20160321-sas-cha,19.0,Reggie Williams,,,,,sas,cha,A,,,,,,,,,,,102.15473441108546,,,False,False,,
15116,2016-03-21 00:00:00,20160321-sas-cha,19.0,Tony Parker,,,,,sas,cha,A,,,4700.0,1.0,200.0,,,26.822222222222234,27.402380952380952,24.05,102.15473441108546,0.8776609609870537,,True,False,10.4055273773125,47.75
16819,2016-03-21 00:00:00,20160321-sas-cha,19.0,Manu Ginobili,,,,,sas,cha,A,,,3600.0,2.0,100.0,,,17.355555555555537,19.14423076923076,18.740384615384617,102.15473441108546,0.9789050728277253,,True,False,9.211536454151057,24.75
16889,2016-03-21 00:00:00,20160321-sas-cha,19.0,David West,,,,,sas,cha,A,,,3600.0,4.0,-100.0,,,13.977777777777776,18.92136752136752,18.121794871794872,102.15473441108546,0.957742343481796,,False,True,8.168430845831463,33.0
20590,2016-03-21 00:00:00,20160321-sas-cha,19.0,Youssou Ndoye,,,,,sas,cha,A,,,,,,,,,,,102.15473441108546,,,False,False,,
20591,2016-03-21 00:00:00,20160321-sas-cha,19.0,Kawhi Leonard,,,,,sas,cha,A,,,8300.0,3.0,0.0,,,34.26666666666667,32.74459459459459,37.82432432432432,102.15473441108546,1.155131855887087,,False,False,9.60176937992291,58.5
21150,2016-03-21 00:00:00,20160321-sas-cha,19.0,Rasual Butler,,,,,sas,cha,A,,,,,,,,,9.4536231884058,6.663043478260869,102.15473441108546,0.7048137360110376,,False,False,7.193197818888347,27.5
21215,2016-03-21 00:00:00,20160321-sas-cha,19.0,Tim Duncan,,,,,sas,cha,A,,,4200.0,5.0,-100.0,,,17.1611111111111,22.856410256410257,22.98076923076923,102.15473441108546,1.005440879515369,,False,True,10.977914892392608,37.0
21732,2016-03-21 00:00:00,20160321-sas-cha,19.0,Patty Mills,,,,,sas,cha,A,,,4000.0,1.0,-200.0,,,21.755555555555535,20.21499999999999,17.90625,102.15473441108546,0.8857902547613163,,False,True,9.452426004565964,34.75
24131,2016-03-21 00:00:00,20160321-sas-cha,19.0,Kevin Martin,,,,,sas,cha,A,,,3000.0,2.0,0.0,,,12.166666666666677,12.960185185185193,10.26388888888889,102.15473441108546,0.7919554190183606,,False,False,7.063510324518197,19.5
1370,2016-03-21 00:00:00,20160321-was-atl,20.0,Martell Webster,,,,,was,atl,A,,,,,,,,,,,97.57345971563981,,,False,False,,
3080,2016-03-21 00:00:00,20160321-was-atl,20.0,John Wall,,,,,was,atl,A,,,9600.0,1.0,-400.0,,,35.66666666666665,36.40426356589147,48.127906976744185,97.57345971563981,1.3220403947914783,,False,True,11.117255476261846,69.0
4997,2016-03-21 00:00:00,20160321-was-atl,20.0,Toure' Murry,,,,,was,atl,A,,,,,,,,,,,97.57345971563981,,,False,False,,
5873,2016-03-21 00:00:00,20160321-was-atl,20.0,Josh Harrellson,,,,,was,atl,A,,,,,,,,,,,97.57345971563981,,,False,False,,
6857,2016-03-21 00:00:00,20160321-was-atl,20.0,J.J. Hickson,,,,,was,atl,A,,,3000.0,4.0,0.0,,,7.058333333333335,6.406666666666664,5.975,97.57345971563981,0.9326222684703438,,False,False,4.593851567282319,14.5
7111,2016-03-21 00:00:00,20160321-was-atl,20.0,Jarell Eddie,,,,,was,atl,A,,,3000.0,2.0,0.0,,,,4.674603174603173,3.5238095238095237,97.57345971563981,0.7538200339558576,,False,False,5.971758933673123,1.25
7563,2016-03-21 00:00:00,20160321-was-atl,20.0,Jaleel Roberts,,,,,was,atl,A,,,,,,,,,,,97.57345971563981,,,False,False,,
7917,2016-03-21 00:00:00,20160321-was-atl,20.0,Kelly Oubre,,,,,was,atl,A,,,3000.0,3.0,0.0,,,5.616666666666671,10.523809523809527,7.107142857142857,97.57345971563981,0.6753393665158368,,False,False,6.753617144746593,11.5
9025,2016-03-21 00:00:00,20160321-was-atl,20.0,Drew Gooden,,,,,was,atl,A,,,3000.0,4.0,0.0,,,,10.013636363636353,7.613636363636363,97.57345971563981,0.760326827054018,,False,False,7.615666525221323,9.5
10370,2016-03-21 00:00:00,20160321-was-atl,20.0,Gary Neal,,,,,was,atl,A,,,,,,,,,17.213725490196072,13.705882352941176,97.57345971563981,0.796218248092038,,False,False,6.70484624993699,
11344,2016-03-21 00:00:00,20160321-was-atl,20.0,Jared Dudley,,,,,was,atl,A,,,3200.0,3.0,-100.0,,,16.875000000000025,26.87015503875971,18.552325581395348,97.57345971563981,0.690443562928236,,False,True,9.35614105362261,34.5
12257,2016-03-21 00:00:00,20160321-was-atl,20.0,Jaron Johnson,,,,,was,atl,A,,,,,,,,,,,97.57345971563981,,,False,False,,
12818,2016-03-21 00:00:00,20160321-was-atl,20.0,Bradley Beal,,,,,was,atl,A,,,5200.0,2.0,-100.0,,,29.22777777777777,26.91728395061728,25.694444444444443,97.57345971563981,0.9545704719534011,,False,True,7.751343969488993,39.75
15753,2016-03-21 00:00:00,20160321-was-atl,20.0,Marcus Thornton,,,,,was,atl,A,,,3000.0,3.0,-100.0,,,11.405555555555557,16.605128205128214,14.173076923076923,97.57345971563981,0.8535361334156882,,False,True,8.581890593211158,25.75
16093,2016-03-21 00:00:00,20160321-was-atl,20.0,Garrett Temple,,,,,was,atl,A,,,3600.0,2.0,0.0,,,25.512499999999996,29.182558139534876,17.482558139534884,97.57345971563981,0.5990755867235129,,False,False,8.730828546571885,33.0
17347,2016-03-21 00:00:00,20160321-was-atl,20.0,Markieff Morris,,,,,was,atl,A,,,4800.0,4.0,0.0,,,25.125,25.813131313131315,24.303030303030305,97.57345971563981,0.9414987282332224,,False,False,11.674919294380711,45.75
17759,2016-03-21 00:00:00,20160321-was-atl,20.0,Marcin Gortat,,,,,was,atl,A,,,6600.0,5.0,-200.0,,,27.495833333333326,29.88416666666666,32.225,97.57345971563981,1.078330219458465,,False,True,9.241558865062226,57.5
17967,2016-03-21 00:00:00,20160321-was-atl,20.0,Otto Porter,,,,,was,atl,A,,,4900.0,3.0,0.0,,,32.9625,29.01228070175439,23.842105263157894,97.57345971563981,0.8217935538489447,,False,False,10.508269114007499,37.0
21872,2016-03-21 00:00:00,20160321-was-atl,20.0,Nene Hilario,,,,,was,atl,A,,,3900.0,4.0,-100.0,,,16.954166666666698,19.215656565656577,19.348484848484848,97.57345971563981,1.0069125029568684,,False,True,6.926494478275122,29.75
22362,2016-03-21 00:00:00,20160321-was-atl,20.0,Ramon Sessions,,,,,was,atl,A,,,3200.0,1.0,-100.0,,,17.145833333333325,20.111627906976736,17.680232558139537,97.57345971563981,0.8791049953746536,,False,True,6.9018039354705385,33.0
30392,2016-03-21 00:00:00,20160321-was-atl,20.0,Alan Anderson,,,,,was,atl,A,,,3000.0,2.0,0.0,,,10.899999999999986,14.470370370370366,11.305555555555555,97.57345971563981,0.7812899923214744,,False,False,7.607333815324379,24.5
